id,topic,proposed_decision,why_it_matters,owner,blocking_wave,status
D01,Điểm trừ tồn,"Checkout/Order accepted tăng reserved; payment và reservation độc lập; SHIPPED/HANDED_OVER giảm on_hand+reserved và commit reservation trong cùng transaction",Phản ánh đúng hàng vật lý rời kho; tránh trừ kho cho đơn chưa trả hoặc hàng vẫn nằm trên kệ,Business+Tech,3,DECIDED
D02,Reservation checkout,"30 phút; đọc từ env CHECKOUT_RESERVATION_TTL_MINUTES kiểu integer, giới hạn 5-1440; local/example/production cùng khai báo",Tác động conversion và tồn bị giữ; thay đổi theo environment không cần schema/database,Business,3,DECIDED
D03,Reservation flash sale,10 phút,Tác động quota và fairness,Business,7,PROPOSED
D04,Late payment,NEED_REVIEW không tự phục hồi reservation,Tránh oversell và sai đối soát,Finance+Ops,5,PROPOSED
D05,Order completion,"Auto sau DELIVERED 72 giờ không khiếu nại; Admin được manual complete bất kỳ lúc nào sau DELIVERED và payment SUCCESS, bắt buộc reason/audit",Chốt thời điểm ghi doanh thu và ngăn complete khi chưa thu tiền,Finance+Ops,4,DECIDED
D06,Shipping provider,V1 dùng rate table nội bộ và tracking nhập tay/sandbox,Quyết định tích hợp và timeline,Business,4,PROPOSED
D07,Payment integration,V1 chuyển khoản thủ công một lần đủ tiền do Admin xác nhận reference/amount; chưa dùng production gateway,Giữ đối soát rõ và không giả định evidence là tiền đã về,Business+Finance,4,DECIDED
D08,Guest order access,"Order number cộng guest token trả về đúng trình duyệt; DB chỉ giữ SHA-256; browser TTL qua NEXT_PUBLIC_GUEST_ORDER_TOKEN_TTL_DAYS mặc định 90 ngày và dọn persistent token khi COMPLETED/CANCELLED",Chống IDOR nhưng vẫn hỗ trợ guest xem đơn và không lưu credential vô hạn,Security+Product,4,DECIDED
D09,Return scope,V1 trả theo order item/quantity; combo phải trả nguyên combo; refund được partial,Đúng trải nghiệm mua hàng nhưng vẫn giữ combo nhất quán,Product+Ops,7,DECIDED
D10,Return window,Mặc định 7 ngày và version theo category/policy,Ảnh hưởng UX/pháp lý/chi phí,Business+Legal,7,PROPOSED
D11,Approval stock threshold,"V1 không maker-checker; BRANCH_MANAGER giảm tối đa 10 đơn vị mỗi SKU/lệnh; GLOBAL/OWNER được vượt; mọi lần giảm bắt buộc reason và audit",Giữ kiểm soát giảm tồn trong V1 mà không kéo approval engine vào sớm,Ops+Finance,3,DECIDED
D12,Approval price threshold,"V1 không maker-checker; cấm retroactive; giảm quá 20% hiển thị cảnh báo, bắt buộc reason và OWNER xác nhận",Tránh sai giá nhưng không tăng workflow phê duyệt trong V1,Business+Tech,1,DECIDED
D13,Warehouse cardinality,V1 đúng một warehouse mỗi branch; branch_id UNIQUE và bỏ is_primary vì không còn giá trị phân biệt,Đơn giản hóa routing và kho vận V1; loại bỏ hai nguồn diễn giải cùng một quan hệ,Ops,1,DECIDED
D14,Price scope,Một giá VAT-included toàn hệ thống theo SKU; shipping khác theo vùng,Giảm price matrix và đồng bộ storefront,Business,1,DECIDED
D15,Tax,Giá niêm yết và shipping đã gồm VAT; tax_total chỉ để báo cáo không cộng thêm,Khách thanh toán đúng giá hiển thị,Finance+Legal,4,DECIDED
D16,Invoice,V1 xuất chứng từ/receipt cơ bản; e-invoice integration để phase sau,Ảnh hưởng compliance,Finance+Legal,5,PROPOSED
D17,Customer identity,Guest vẫn tạo customer nội bộ user_id null bằng normalized phone; đăng ký sau mới link user sau xác minh,Lưu lịch sử mua mà không bắt tạo tài khoản,Product+Security,1,DECIDED
D18,PWA offline,Offline app shell và catalog cache; không offline checkout,Tránh tạo đơn từ dữ liệu tồn cũ,Product+Tech,8,PROPOSED
D19,Retention giao dịch,10 năm cho order/payment/inventory/audit tài chính,Cần đúng quy định và chi phí lưu trữ,Legal+Finance,0,PROPOSED
D20,RPO RTO,RPO 15 phút và RTO 4 giờ,Quyết định backup/infra cost,Business+Tech,0,PROPOSED
D21,Flash sale release,V1 core flash sale phát hành sau luồng bán thường,Giảm rủi ro concurrency khi go-live,Product,7,PROPOSED
D22,Deletion lifecycle,10 model P0 implemented không dùng deleted_at; master dùng status INACTIVE/ARCHIVED; ledger/transaction reverse hoặc cancel,Bảo toàn audit/FK và tránh hai nguồn trạng thái; P1 review khi triển khai,Tech,0,DECIDED
D23,Primary keys,"SUPERSEDED bởi D43; trước đây dùng UUIDv7 app-generated",Yêu cầu mới chuyển toàn hệ thống sang database-generated identity,Tech,0,SUPERSEDED
D24,Search,V1 PostgreSQL FTS/trigram; chỉ thêm OpenSearch khi đo thấy cần,Giảm vận hành hạ tầng,Tech,2,PROPOSED
D25,Serial và IMEI,V1 không quản lý từng đơn vị; chỉ quản lý số lượng theo SKU/kho,Giảm phạm vi kho và thao tác scan; xem xét lại ở V2,Product+Ops,3,DECIDED
D26,Procurement,V1 chưa có supplier purchase order goods receipt; nhập tồn qua adjustment có loại và chứng từ tham chiếu,Ưu tiên hoàn thiện luồng bán và tồn cơ bản; procurement để V2,Product+Ops,3,DECIDED
D27,Media provider,Chọn Cloudinary cho V1 qua adapter object-storage provider-agnostic; upload trực tiếp bằng chữ ký ngắn hạn và finalize xác minh asset,Không khóa domain vào nhà cung cấp nhưng deployment V1 có adapter cụ thể và secret chỉ nằm ở API,Product+Tech,2,DECIDED
D28,Review comment depth,V1 chỉ một cấp phản hồi dưới review,Giảm moderation và truy vấn cây comment,Product,7,DECIDED
D29,CMS scope,V1 có page post content category tag và post-product relation; chưa có comment bài viết,Đủ giới thiệu tin tức hướng dẫn SEO mà không biến thành social platform,Product+Marketing,7,DECIDED
D30,Payment frequency,Một order chỉ thanh toán đủ một lần; thiếu thừa hoặc lặp chuyển NEED_REVIEW,Đơn giản hóa đối soát và không hỗ trợ split payment,Finance+Product,5,DECIDED
D31,Delivery failure,Hàng giao thất bại về đúng warehouse xuất; bắt buộc reason và inspection trước restock,Bảo toàn lịch sử và không nhập lại hàng hỏng vào sellable stock,Ops,5,DECIDED
D32,Combo,V1 combo ảo cố định không nested; reserve/ship component; return nguyên combo,Đủ bán bộ sản phẩm nhưng giữ tồn chính xác,Product+Ops,4,DECIDED
D33,ORM và migration,Prisma 6.19 cho client và migration; dùng SQL migration bổ sung cho CHECK partial index trigger hoặc locking đặc thù PostgreSQL,Chốt database foundation nhưng chưa khóa schema khi D19 D20 D22 D23 còn mở,Tech,0,DECIDED
D34,COD trong V1,Bật BANK_TRANSFER trả trước một lần và COD; COD giữ payment pending khi ship và chỉ SUCCESS sau carrier/nhân viên xác nhận đã thu đủ tiền; lưu method note reference để báo cáo,Phân biệt doanh thu đã thu với công nợ COD đang vận chuyển và đối soát thu hộ,Product+Finance+Ops,3/4,DECIDED
D35,Staff bootstrap credential,"Chỉ Admin gốc tạo account cấp dưới bằng email, gán BRANCH_MANAGER hoặc STAFF theo branch và đặt mật khẩu mặc định Aa@123456; không gửi invite link",Đủ vận hành V1; account mới hoặc unlock bắt buộc đổi mật khẩu,Product+Security,1,DECIDED
D42,Single root Admin,"Hệ thống có đúng một OWNER bootstrap ACTIVE là bootstrap-admin@example.invalid / Aa@123456; OWNER không thể tạo/gán/thu hồi/khóa; chỉ Admin gốc tạo, quản lý và phân quyền BRANCH_MANAGER hoặc STAFF theo branch; sai lần 5 trả ACCOUNT_LOCKED; login thành công reset attempts; seed fail-fast nếu phát hiện OWNER active khác",Giữ root-of-trust đơn giản cho V1 và ngăn phân quyền leo thang từ quản lý chi nhánh,Product+Security,1,DECIDED
D43,Primary key migration,"Toàn bộ entity mới dùng BIGINT IDENTITY do PostgreSQL sinh; API trả chuỗi số; 21 bảng vật lý hiện hữu giữ UUID cũ ở legacy_id UNIQUE nullable; FK đổi sang BIGINT; migrate tự động trước startup và fail-fast",Giảm code sinh ID và thống nhất với convention Java BE nhưng vẫn bảo toàn dữ liệu/correlation lịch sử,Tech,0,DECIDED
D36,Catalog archive lifecycle,"Product hoặc combo archive ẩn storefront ngay và giữ snapshot đơn lịch sử; reactivate quay về DRAFT; variant dùng ACTIVE/INACTIVE và optimistic version",Không hard delete và buộc kiểm tra lại giá SKU trước khi publish lại,Product+Tech,1,DECIDED
D37,Category move,"Sprint 1 không cho đổi parent_id sau khi tạo; di chuyển subtree và cycle/path/depth update chuyển sang P1",Giảm rủi ro transaction cây trong V1; vẫn cho sửa metadata và activate/deactivate,Product+Tech,1,DECIDED
D38,Customer registration identity,"Public register chỉ tạo CUSTOMER ACTIVE; login nhận email/phone; email lowercase; SĐT Việt Nam lưu E.164; identifier và mọi password input trim khoảng trắng hai đầu trước validation/hash/verify; tạm bỏ verification trong V1 dev",Chuẩn hóa đồng nhất register/login/change-password và tránh credential lệch do khoảng trắng vô ý,Product+Security+Tech,1,DECIDED
D39,Product sellability,"Product có product_type STANDARD hoặc BUNDLE và không trộn hai loại SKU; bundle nằm theo từng variant; storefront chỉ trả variant ACTIVE có giá effective, combo ACTIVE có item và mọi component ACTIVE thuộc product chưa ARCHIVED",Loại bỏ SKU ngừng bán khỏi response/minPrice và tránh combo bán được khi linh kiện không hợp lệ,Product+Tech,1,DECIDED
D40,Price replacement,"Giá REGULAR V1 phải lớn hơn 0; thay giá là một command atomic đóng open window hiện tại rồi tạo window mới, kiểm tra expected price id/version",Không dùng hai request close/create gây khoảng trống hoặc last-write-wins; bảo toàn lịch sử giá VAT-included,Product+Finance+Tech,1,DECIDED
D41,Brand and category inactive semantics,"Brand INACTIVE không tự ẩn Product đã PUBLISHED nhưng không được chọn cho liên kết mới; Category INACTIVE không hiện trong navigation/filter storefront và không tự archive Product",Tách lifecycle master-data khỏi quyết định ngừng bán Product,Product+Tech,1,DECIDED
D44,Catalog identifier ownership,"Backend tự sinh product_no unique immutable và slug unique từ name+product_no khi tạo Product; slug chỉ sửa khi DRAFT và không tự đổi khi đổi name; ProductVariant là Sellable SKU với sku backend tự sinh unique immutable",Một nguồn sinh mã duy nhất tránh FE/import tạo mã trùng hoặc thay đổi định danh giao dịch,Product+Tech,1,DECIDED
D45,Environment parameter governance,"V1 dùng env đã validate cho tham số kỹ thuật/vận hành; CHECKOUT_RESERVATION_TTL_MINUTES mặc định 30 và range 5-1440; không tạo system_settings",Giảm một bảng và một DB query mỗi checkout; cấu hình production quản lý trên Vercel/secret manager,Tech,3,DECIDED
D46,Supabase Data API boundary,"V1 chỉ truy cập dữ liệu qua NestJS/Prisma; mọi public base table bật RLS deny-by-default; anon/authenticated không có table/sequence/application-function privilege; không FORCE RLS cho owner connection",Đóng đường truy cập PostgREST trực tiếp nhưng vẫn giữ Prisma migration/runtime hoạt động; mọi Data API surface tương lai phải opt-in theo contract và có policy test,Security+Tech,0,DECIDED
D48,Idempotency store,"V1 dùng unique column theo từng aggregate thay cho bảng idempotency_keys tập trung; replay dựng lại response từ state hiện thời, không trả bản chụp lần đầu",Consumer không được giả định replay trả body y hệt; giảm một bảng nóng và một điểm khóa chung,Tech,5,DECIDED
D49,Outbox V1,"Vật lý hóa outbox_events và ghi event trong 5 transaction boundary ngay V1; publisher worker hoãn tới Wave 7 khi có provider thật",Chèn INSERT vào transaction Serializable lúc chưa có traffic thì rẻ; Wave 7 có sẵn lịch sử event để phát lại,Tech,5,DECIDED
D50,Mô hình kho,"Giữ ràng buộc một chi nhánh đúng một kho; kho do chính cửa hàng quản lý nhập/xuất và địa chỉ; không hỗ trợ đơn nhiều kho hay giao nhiều lần ở V1",Bám phân khúc cửa hàng nhỏ lẻ và doanh nghiệp cá nhân; đơn giản hơn thì ít lỗi hơn; chỉ xem xét lại khi có khách thật cần hai kho cho một cửa hàng,Business+Tech,4,DECIDED
D51,Mô hình triển khai,"Một doanh nghiệp một bản cài đặt; branch/warehouse là chi nhánh của cùng doanh nghiệp; không hỗ trợ nhiều doanh nghiệp khác chủ dùng chung một database",Lược đồ hiện tại đã nhất quán với lựa chọn này (product và SKU dùng chung toàn hệ thống; scope phân quyền chỉ GLOBAL/BRANCH; một OWNER bất biến). Chi phí vận hành tăng tuyến tính theo số khách vì mỗi khách một database phải migrate riêng. Xem xét lại khi số khách vượt ngưỡng do Business đặt,Business+Tech,0,DECIDED
D52,Quy mô tiến trình,"V1 chạy một tiến trình API duy nhất; chưa scale ngang",Rate limit in-memory và mọi state trong process chỉ đúng khi một tiến trình. Trước khi chạy nhiều tiến trình bắt buộc phải persist CMS/Review và chuyển rate limit sang storage chia sẻ,Tech,0,DECIDED
D53,Giá vốn và báo cáo lợi nhuận,"V1 không theo dõi giá vốn; danh mục chức năng chỉ có RPT-02 báo cáo doanh thu, không có báo cáo lợi nhuận; giữ nguyên hai cột unit_cost_snapshot ở trạng thái dành sẵn chưa dùng",Không có nguồn giá nhập trong cả 75 bảng (không có nhà cung cấp/phiếu mua hàng; inventory_movements chỉ ghi số lượng). Nếu bổ sung sau thì chỉ tính được lợi nhuận cho đơn từ thời điểm đó trở đi; đơn cũ không dựng lại được,Business,6,PROPOSED
D54,Cửa sổ đổi trả,"7 ngày tính từ DELIVERED; nhóm hàng loại trừ đặt bằng cờ returnable ở cấp Category để Admin tự bật tắt, không hardcode",Quyết định constraint eligibility và snapshot policy_id vào return_request,Business,6,DECIDED
D55,Ai được tạo yêu cầu trả,"V1 chỉ Account và Admin tạo. Guest gọi hotline cung cấp mã đơn và thông tin, nhân viên tạo hộ sau khi xác minh",Quyết định có cần operation Storefront Guest Returns và guard đi kèm,Business,6,DECIDED
D56,Duyệt hoàn tiền,"Theo vai trò chứ không phải maker-checker cứng: STAFF tạo thì phải chờ OWNER hoặc BRANCH_MANAGER duyệt; OWNER và BRANCH_MANAGER tạo thì được duyệt luôn",Quyết định permission refund.request/approve/execute và ràng buộc trạng thái,Business,6,DECIDED
D57,Phạm vi hoàn tiền,"Mặc định chỉ hoàn giá trị item được duyệt. Hoàn thêm phí giao ban đầu khi lỗi thuộc về shop; cần trường fault SHOP/CUSTOMER ở bước Admin duyệt",Quyết định công thức trần refund và ràng buộc tổng ở database,Business,6,DECIDED
D58,Kênh hoàn tiền,"Khách trả tiền mặt hoặc COD thì hoàn tiền mặt tại cửa hàng có thoả thuận hai bên. Khách chuyển khoản thì hoàn chuyển khoản, bắt buộc nhập external_ref. Không hoàn qua cổng thanh toán online khi chưa tích hợp",Quyết định enum refund_method và điều kiện được đánh dấu SUCCESS,Business,6,DECIDED
D59,Nguồn cấu hình ngưỡng nghiệp vụ,"Đảo D45. Ngưỡng nghiệp vụ chuyển sang bảng system_parameters sửa được từ Admin có hiệu lực ngay. Bí mật và cấu hình hạ tầng vẫn ở env",Env chỉ đổi được bằng redeploy nên vận hành không tự cập nhật được biểu phí,Business+Tech,6,DECIDED
D60,Return/Refund V1 cho cửa hàng nhỏ,"4 bảng return_requests, return_items, return_status_history, refunds; không tạo return_policies (tham số RETURN_WINDOW_DAYS + categories.returnable) và không dùng approval_requests (duyệt theo quyền return.decide/payment.refund.approve). Trạng thái REQUESTED→APPROVED→RECEIVED→REFUNDED→CLOSED, không có UNDER_REVIEW/REFUND_PENDING; nhận và kiểm hàng là một bước. DAMAGED chỉ ghi HOLD/WRITE_OFF, chưa có tồn hàng lỗi. Được trả cả đơn COMPLETED, hạn tính từ fulfillments.delivered_at. Quá hạn chỉ OWNER override kèm lý do. Đơn VNPay/chuyển khoản hoàn bằng chuyển khoản thủ công có external_ref. refunds chuyển sở hữu từ Payment sang Return",Thu gọn mô hình review cho vận hành 1-3 người mà vẫn giữ trần tiền hai tầng; idempotency và audit,Business+Tech,6,DECIDED
D61,Lưu thông số kỹ thuật sản phẩm,"Chọn phương án C: giữ bảng attributes làm từ điển (code bất biến, không xoá cứng, unit, options JSONB cho OPTION) và lưu thông số ở products.specifications JSONB [{code, values[]}]; bỏ attribute_values và product_attribute_values. Chấp nhận mất FK ở DB, Catalog service kiểm code/kiểu/lựa chọn, khoá đổi unit và không cho bỏ lựa chọn đang dùng. Chưa thêm GIN index tới khi có filter thật. Specifications không sinh SKU; Option/variant dùng bảng liên kết variant_attribute_values, không dùng JSONB làm khoá tổ hợp.","Dữ liệu 2026-09-25: 618/619 sản phẩm 1 SKU, nhu cầu chính là hiển thị thông số; 3 bảng + JOIN quá nặng. Catalog sở hữu cả từ điển lẫn giá trị nên ownership rõ; rủi ro mất FK được bù bằng validation tập trung và chặn sửa định nghĩa đang dùng.",Chủ dự án,Catalog P1,Chốt 2026-09-25
